"surah","ayahs","occasion"
2,"89","عن ابن عباس رضي الله عنهما قال: (إن اليهود كانوا يستفتحون على الأوس والخزرج برسول الله ﷺ قبل مبعثه، فلما بعثه الله من العرب كفروا به، وجحدوا ما كانوا يقولون فيه.

فقال لهم معاذ بن جبل، وبشر بن المعرور: يا معشر اليهود، اتقوا الله وأسلموا، فقد كنتم تستفتحون علينا بمحمد ﷺ ونحن أهل شرك، وتخبروننا أنه مبعوث، وتصفونه لنا بصفته.

فقال سلام بن مشكم: ما جاءنا بشيء نعرفه، وما هو بالذي كنا نذكر لكم). فأنزل الله هذه الآية."
2,"89","ومن حديث عاصم بن عمر بن قتادة عن رجال من قومه قالوا: (إن مما دعانا إلى الإسلام، مَعَ رحمة الله تعالى وهُداهُ لنا، لما كنا نسمع من رجال يهود، وكنا أهلَ شِرك وأوثان، وكانوا أهل كتاب، عندهم علمٌ ليس لنا، وكانت لا تزال بيننا وبينهم شرور، فإذا نلنا منهم بعض ما يكرهون، قالوا لنا: إنه قد تقارب زمانُ نبيٍ يُبعثُ الآن نقتلكم معه قَتْلَ عادٍ وإرِم. فكنا كثيراً ما نسمع ذلكَ منهم، فلما بَعثَ الله رسوله ﷺ أجبناه، حين دعانا إلى الله تعالى وعرفنا ما كانوا يتوعدوننا به، فبادرناهم إليه، فآمنا به وكفروا به، ففينا وفيهم نَزل هؤلاء الآيات من البقرة: { وَلَمَّا جَآءَهُمْ كِتَـٰبٌ مِّنْ عِندِ ٱللَّهِ مُصَدِّقٌ لِّمَا مَعَهُمْ وَكَانُوا۟ مِن قَبْلُ يَسْتَفْتِحُونَ عَلَى ٱلَّذِينَ كَفَرُوا۟ فَلَمَّا جَآءَهُم مَّا عَرَفُوا۟ كَفَرُوا۟ بِهِۦ ۚ فَلَعْنَةُ ٱللَّهِ عَلَى ٱلْكَـٰفِرِينَ ﴿٨٩﴾ }."
2,"97","عن ابْنِ عَبَّاسٍ رضي الله عنهما ما قال: حَضَرَتْ عِصَابَةٌ مِنَ الْيَهُودِ نَبِيَّ اللهِ ﷺ يَوْماً، فَقَالُوا: يَا أَبَا القَاسِمِ، حَدِّثْنَا عَنْ خِلَالٍ نَسْأَلُكَ عَنْهُنَّ لَا يَعْلَمُهُنَّ إِلَّا نَبِيٌّ.
قَالَ: سَلُونِي عَمَّا شِئْتُمْ، وَلَكِنِ اجْعَلُوا لِي ذِمَّةَ اللهِ، وَمَا أَخَذَ يَعْقُوبُ عليه السلام عَلَى بَنِيهِ: لَئِنْ حَدَّثْتُكُمْ شَيْئاً فَعَرَفْتُمُوهُ، لَتُتَابِعُنِّي عَلَى الْإِسْلَامِ.
قَالُوا: فَذَلِكَ لَكَ، قَالَ: فَسَلُونِي عَمَّا شِئْتُم.
قَالُوا: أَخبِرْنَا عَنْ أَرْبَعِ خِلَالٍ نَسْأَلُكَ عَنْهُنَّ: أَخْبِرْنَا أَيُّ الطَّعَامِ حَرَّمَ إِسْرَائِيلُ عَلَى نَفْسِهِ مِنْ قَبْلِ أَن تُنَزَّلَ التَّوْرَاةُ! وَأَخْبِرْنَا كَيْفَ مَاءُ الْمَرْأَةِ، وَمَاءُ الرَّجُلِ، كَيْفَ يَكُونُ الذَّكَرُ مِنْهُ وَأَخْبِرْنَا كَيْفَ هَذَا النَّبِيُّ الْأُمِّيُّ فِي النَّوْمِ؟ وَمَنْ وَلِيُّهُ مِنَ الْمَلَائِكَةِ؟.
قَالَ: فَعَلَيْكُمْ عَهْدُ اللهِ وَمِيثَاقُهُ لَئِنْ أَنَا أَخْبَرْتُكُمْ لَتُتَابِعُنِّي ؟ قَالَ: فَأَعْطَوْهُ مَا شَاءَ مِنْ عَهْدٍ وَمِيثَاقِ. قَالَ: فَأَنْشُدُكُمْ بِالَّذِي أَنْزَلَ التَّوْرَاةَ عَلَى مُوسَى هَلْ تَعْلَمُونَ أَنَّ إِسْرَائِيلَ يَعْقُوبَ عليه السلام، مَرِضَ مَرَضاً شَدِيداً، وَطَالَ سَقَمُهُ، فَنَذَرَ للَّهِ نَذْراً لَئِنْ شَفَاهُ اللَُّه تَعَالَى مِنْ سَقَمِهِ، لَيُحَرِّمَنَّ أَحَبَّ الشَّرَابِ إِلَيْهِ، وَأَحَبَّ الطَّعَام إِلَيْهِ، وَكَانَ أَحَبَّ الطَّعَامِ إِلَيْهِ لُحْمَانُ الْإِبِلِ، وَأَحَبَّ الشَّرَابِ إِلَيْهِ أَلْبَانُهَا؟ قَالُوا: اللَّهُمَّ نَعَمْ.
 قَالَ: اللَّهُمَّ اشْهَدْ عَلَيْهِمْ، فَأَنْشُدُكُمْ بِاللّهِ الَّذِي لَا إِلَهَ إِلَّا هُوَ الَّذِي أَنْزَلَ التَّوْرَاةَ عَلَى مُوسَى، هَلْ تَعْلَمُونَ أَنَّ مَاءَ الرَّجُلِ أَبْيَضُ غَلِيظٌ، وَأَنَّ مَاءَ الْمَرْأَةِ أَصْفَرُ رَقِيقٌ، فَأَيُّهُمَا عَلَا كَانَ لَهُ الْوَلَدُ وَالشَّبَهُ بِإِذْنِ اللهِ، إِنْ عَلَا مَاءً الرَّجُلِ عَلَى مَاءِ الْمَرْأَةِ كَانَ ذَكَراً بِإِذْنِ اللهِ، وَإِنْ عَلَا مَاءُ الْمَرْأَةِ عَلَى مَاءِ الرَّجُلِ كَانَ أُنثَى بِإِذْنِ اللهِ ؟ قَالُوا: اللَّهُمَّ نَعَمْ.
قَالَ: اللَّهُمَّ اشْهَدْ عَلَيْهِمْ، فَأَنْشُدُكُمْ بِالَّذِي أَنْزَلَ التَّوْرَاةَ عَلَى مُوسَى هَلْ تَعْلَمُونَ أَنَّ هَذَا النَّبِيَّ الْأُمِّيَّ تَنَامُ عَيْنَاهُ وَلَا يَنَامُ قَلْبُهُ؟ قَالُوا: اللَّهُمَّ: نَعَمْ.
قَالَ: اللَّهُمَّ اشْهَدَ.
قَالُوا: وَأَنْتَ الْآنَ فَحَدِّثْنَا: مَنْ وَلِيُّكَ مِنَ المَلَائِكَةِ؟ فَعِنْدَهَا نُجَامِعُكَ أَوْ نُفَارِقُكَ.
قَالَ: فَإِن وَلِيْيَ جِبْرِيلُ عليه السلام، وَلَمْ يَبْعَثِ اللَّهُ نَبِيًّا قَطُّ إِلَّا وَهُوَ وَلِيُّهُ.
قَالُوا: فَعِنْدَهَا نُفَارِقُكَ، لَوْ كَانَ وَلِيكَ سِوَاهُ مِنَ الْمَلَائِكَةِ لَتَابَعْنَاكَ وَصَدَّقْنَاكَ. قَالَ: فَمَا يَمْنَعُكُمْ مِنْ أَنْ تُصَدِّقُوهُ؟ قَالُوا: إِنَّهُ عَدُونَا !
قَالَ: فَعِنْدَ ذَلِكَ قَالَ اللهُ عز و جل: { قُلْ مَن كَانَ عَدُوًّا لِّجِبْرِيلَ فَإِنَّهُۥ نَزَّلَهُۥ عَلَىٰ قَلْبِكَ بِإِذْنِ ٱللَّهِ } إِلَى قَوْلِهِ عز و جل { كِتَـٰبَ ٱللَّهِ وَرَآءَ ظُهُورِهِمْ كَأَنَّهُمْ لَا يَعْلَمُونَ } فَعِنْدَ ذَلِكَ { فَبَآءُو بِغَضَبٍ عَلَىٰ غَضَبٍ ۚ }الآية، [البقرة: ٩٠]."
2,"104","عن عطاء بن أبي رباح رحمه الله تعالى في قوله تعالى: { لَا تَقُولُوا۟ رَٰعِنَا } قال: كانت لغة في الأنصار في الجاهلية، فنزلت هذه الآية: { لَا تَقُولُوا۟ رَٰعِنَا وَقُولُوا۟ ٱنظُرْنَا... } إلى آخر الآية."
2,"113","عن ابن عباس رضي الله عنهما قال: لما قدم أهل نجران من النصاري على رسول الله ﷺ، أتتهم أحبار یهود، فتنازعوا عند رسول الله ﷺ، فقال رافع بن حُريملة: ما أنتم على شيء! وكفر بعيسى ابن مريم وبالإنجيل.
 فقال رجل من أهل نجران من النصارى ما أنتم على شيء! وجحد نبوة موسى، وكفر بالتوراة.
 فأنزل الله لك في ذلك من قولهما: { وَقَالَتِ ٱلْيَهُودُ لَيْسَتِ ٱلنَّصَٰرَىٰ عَلَىٰ شَىْءٍ وَقَالَتِ ٱلنَّصَٰرَىٰ لَيْسَتِ ٱلْيَهُودُ عَلَىٰ شَىْءٍ } إلى قوله: { فِيمَا كَانُوا۟ فِيهِ يَخْتَلِفُونَ }."
2,"115","عن جابر بن عبد الله رضي الله عنهما قال: بعث رسول الله ﷺ، سرية كنت فيها، فأصابتنا ظلمة فلم نعرف القبلة.
فقالت طائفة منا: قد عرفنا القبلة هي ها هنا قبل الشمال، فصلوا وخطوا خطوطاً، وقال بعضنا: القبلة ها هنا قبل الجنوب، وخطوا خطوطاً. فلما أصبحوا وطلعت الشمس، أصبحت تلك الخطوط لغير القبلة.
 فلما قفلنا من سفرنا سألنا النبي عن ذلك، فسكت، وأنزل الله عز و جل: { وَلِلَّهِ ٱلْمَشْرِقُ وَٱلْمَغْرِبُ ۚ فَأَيْنَمَا تُوَلُّوا۟ فَثَمَّ وَجْهُ } أي حيث كنتم."
2,"125","عَنْ أَنَسِ بْنِ مَالِكٍ رضي الله عنه قَالَ: قَالَ عُمَرُ بْنُ الْخَطَّابِ رضي الله عنه: وَافَقْتُ رَبِّي فِي ثَلَاثٍ، فَقُلْتُ: يَا رَسُولَ اللهِ، لَوِ اتَّخَذْنَا مِنْ مَقَامِ إِبْرَاهِيمَ مُصَلَّى، فَنَزَلَتْ { وَٱتَّخِذُوا۟ مِن مَّقَامِ إِبْرَٰهِـۧمَ مُصَلًّى ۖ }، وَآيَةُ الْحِجَابِ، قُلْتُ: يَا رَسُولَ اللهِ لَوْ أَمَرْتَ نِسَاءَكَ أَنْ يَحْتَجِبْنَ فَإِنَّهُ يُكَلِّمُهُنَّ الْبَرُّ وَالْفَاجِرُ، فَنَزَلَتْ آيَةُ الْحِجَابِ، وَاجْتَمَعَ نِسَاءُ النَّبِيِّ ﷺ فِي الْغَيْرَةِ عَلَيْهِ، فَقُلْتُ لَهُنَّ: { عَسَىٰ رَبُّهُۥٓ إِن طَلَّقَكُنَّ أَن يُبْدِلَهُۥٓ أَزْوَٰجًا خَيْرًا مِّنكُنَّ } [التحريم: ٥] فَنَزَلَتْ هَذِهِ الآية."
2,"125","عن أنس بن مالك رضي الله عنه قال: قال عمر بن الخطاب رضي الله عنه: ( وافقني ربي في ثلاث أو وافقت ربي في ثلاث قلت: يا رسول الله لو اتخذت من مقام إبراهيم مصلى، فنزلت { وَٱتَّخِذُوا۟ مِن مَّقَامِ إِبْرَٰهِـۧمَ مُصَلًّى ۖ }، وقلت: يا رسول الله لو حجبت النساء، فنزلت آية الحجاب، والثالثة لما مات عبد الله بن أُبَيِّ جاء رسول الله ﷺ ليصلي عليه، قلت: يا رسول الله تصلي على هذا الكافر المنافق. فقال: أيها عنك يا ابن الخطاب.
فنزلت { وَلَا تُصَلِّ عَلَىٰٓ أَحَدٍ مِّنْهُم مَّاتَ أَبَدًا وَلَا تَقُمْ عَلَىٰ قَبْرِهِۦٓ ۖ } [التوبة: ٨٤]."
2,"135","عن ابن عباس رضي الله عنهما قال: قال عبد الله بن صوريا الأعور لرسول الله ﷺ: ما الهدى إلا ما نحن عليه، فاتبعنا يا محمد تهتد. وقالت النصارى مثل ذلك، فأنزل الله عز و جل { وَقَالُوا۟ كُونُوا۟ هُودًا أَوْ نَصَـٰرَىٰ تَهْتَدُوا۟ ۗ }."
2,"142","جاء من حديث البَرَاءِ بْنِ عَازِبٍ رضي الله عنهما، قَالَ:
( كَانَ رَسُولُ اللهِ ﷺ صَلَّى نَحْوَ بَيْتِ المَقْدِسِ سِتَّةَ عَشَرَ أَوْ سَبْعَةَ عَشَرَ شَهْراً، وَكَانَ رَسُولُ اللهِ ﷺ يُحِبُّ أَنْ يُوَجَّهَ إِلَى الكَعْبَةِ، فَأَنْزَلَ اللهُ { قَدْ نَرَىٰ تَقَلُّبَ وَجْهِكَ فِى ٱلسَّمَآءِ ۖ }، فَتَوَجَّهَ نَحْوَ الكَعْبَةِ، وَقَالَ السُّفَهَاءُ مِنَ النَّاسِ وَهُمُ اليَهُودُ: { مَا وَلَّىٰهُمْ عَن قِبْلَتِهِمُ ٱلَّتِى كَانُوا۟ عَلَيْهَا ۚ قُل لِّلَّهِ ٱلْمَشْرِقُ وَٱلْمَغْرِبُ ۚ يَهْدِى مَن يَشَآءُ إِلَىٰ صِرَٰطٍ مُّسْتَقِيمٍ }، فَصَلَّى مَعَ النَّبِيِّ ﷺ رَجُلٌ ثُمَّ خَرَجَ بَعْدَمَا صَلَّى، فَمَرَّ عَلَى قَوْمٍ مِنَ الأَنْصَارِ فِي صَلَاةِ العَصْرِ نَحْوَ بَيْتِ الْمَقْدِسِ، فَقَالَ: هُوَ يَشْهَدُ أَنَّهُ صَلَّى مَعَ رَسُولِ اللهِ ﷺ وَأَنَّهُ تَوَجَّهَ نَحْوَ الكَعْبَةِ، فَتَحَرَّفَ القَوْمُ حَتَّى تَوَجَّهُوا نَحْوَ الكَعْبَةِ )."
2,"142","عن البراء بن عازب رضي الله عنهما قال: أن النبي ﷺ كان أول ما قدم المدينة نزل على أجداده أو قال أخواله من الأنصار، وأنه صلى قِبَلَ بيت المقدس ستة عشر شهراً أو سبعة عشر شهراً، وكان يعجبه أن تكون قبلته قبل البيت، وأنه صلى أول صلاة صلاها صلاة العصر، وصلى معه قوم، فخرج رجل ممن صلى معه فمر على أهل مسجد وهم راكعون، فقال: أشهد باللَّه  لقد صليت مع رسول الله ﷺ قبل مكة، فداروا كما هم قبل البيت.
وكانت اليهود قد أعجبهم إذ كان يصلي قبل بيت المقدس، وأهل الكتاب، فلما ولى وجهه قبل البيت أنكروا ذلك.
قال زهير: حدثنا أبو إسحاق، عن البراء في حديثه هذا: أنه مات على القبلة قبل أن تحوَّل رجال وقتلوا, فلم ندر ما نقول فيهم، فأنزل الله تعالى: { وَمَا كَانَ ٱللَّهُ لِيُضِيعَ إِيمَـٰنَكُمْ ۚ }."
2,"142","وقال علي بن أبي طلحة عن ابن عباس رضي الله عنهما: ( أن رسول الله ﷺ لما هاجر إلى المدينة، أمره الله أن يستقبل بيت المقدس، ففرحت اليهود، فاستقبلها رسول الله ﷺ بضعة عشر شهراً، وكان رسول الله ﷺ يحب قبلة إبراهيم، فكان يدعو الله وينظر إلى السماء فأنزل الله: { فَوَلُّوا۟ وُجُوهَكُمْ شَطْرَهُۥ ۗ } أي نحوه، فارتاب من ذلك اليهود، وقالوا: ما ولاهم عن قبلتهم التي كانوا عليها ؟ فأنزل الله: { قُل لِّلَّهِ ٱلْمَشْرِقُ وَٱلْمَغْرِبُ ۚ يَهْدِى مَن يَشَآءُ إِلَىٰ صِرَٰطٍ مُّسْتَقِيمٍ }."
2,"143","۱۳ - عَنِ ابْنِ عَبَّاسٍ رضي الله عنهما قَالَ: لَمَّا حُرِّمَتْ الْخَمْرُ قَالَ أُنَاسُ: يَا رَسُولَ اللهِ، أَصْحَابُنَا الَّذِينَ مَاتُوا وَهُمْ يَشْرَبُونَهَا، فَأُنْزِلَتْ { لَيْسَ عَلَى ٱلَّذِينَ ءَامَنُوا۟ وَعَمِلُوا۟ ٱلصَّـٰلِحَـٰتِ جُنَاحٌ فِيمَا طَعِمُوٓا۟ }، قَالَ: وَلَمَّا حُوِّلَتْ الْقِبْلَةُ، قَالَ أُنَاسٌ: يَا رَسُولَ اللهِ أَصْحَابُنَا الَّذِينَ مَاتُوا وَهُمْ يُصَلُّونَ إِلَى بَيْتِ الْمَقْدِسِ، فَأُنْزِلَتْ { وَمَا كَانَ ٱللَّهُ لِيُضِيعَ إِيمَـٰنَكُمْ ۚ }."
2,"144","جاء من حديث الْبَرَاءِ بْنِ عَازِبٍ رضي الله عنهما، قَالَ:
( كَانَ رَسُولُ اللهِ ﷺ صَلَّى نَحْوَ بَيْتِ الْمَقْدِسِ سِتَّةَ عَشَرَ أَوْ سَبْعَةَ عَشَرَ شَهْراً، وَكَانَ رَسُولُ اللهِ ﷺ يُحِبُّ أَنْ يُوَجَّهَ إِلَى الْكَعْبَةِ، فَأَنْزَلَ اللَّهُ { قَدْ نَرَىٰ تَقَلُّبَ وَجْهِكَ فِى ٱلسَّمَآءِ ۖ }، فَتَوَجَّهَ نَحْوَ الْكَعْبَةِ، وَقَالَ السُّفَهَاءُ مِنَ النَّاسِ وَهُم الْيَهُودُ: { مَا وَلَّىٰهُمْ عَن قِبْلَتِهِمُ ٱلَّتِى كَانُوا۟ عَلَيْهَا ۚ قُل لِّلَّهِ ٱلْمَشْرِقُ وَٱلْمَغْرِبُ ۚ يَهْدِى مَن يَشَآءُ إِلَىٰ صِرَٰطٍ مُّسْتَقِيمٍ }، فَصَلَّى مَعَ النَّبِيِّ ﷺ رَجُلٌ ثُمَّ خَرَجَ بَعْدَ مَا صَلَّى، فَمَرَّ عَلَى قَوْمٍ مِنَ الْأَنْصَارِ فِي صَلَاةِ الْعَصْرِ نَحْوَ بَيْتِ الْمَقْدِسِ، فَقَالَ: هُوَ يَشْهَدُ أَنَّهُ صَلَّى مَعَ رَسُولِ اللهِ ﷺ وَأَنَّهُ تَوجَّهَ نَحْوَ الْكَعْبَةِ، فَتَحَرَّفَ الْقَوْمُ حَتَّى تَوَجَّهُوا نَحْوَ الْكَعْبَةِ )."
2,"144","عَنْ أَنَسٍ رضي الله عنه أَنَّ رَسُولَ اللهِ ﷺ كَانَ يُصَلِّي نَحْوَ بَيْتِ الْمَقْدِسِ،
فَنَزَلَتْ { قَدْ نَرَىٰ تَقَلُّبَ وَجْهِكَ فِى ٱلسَّمَآءِ ۖ فَلَنُوَلِّيَنَّكَ قِبْلَةً تَرْضَىٰهَا ۚ فَوَلِّ وَجْهَكَ شَطْرَ ٱلْمَسْجِدِ ٱلْحَرَامِ ۚ }، فَمَرَّ رَجُلٌ مِنْ بَنِي سَلِمَةَ، وَهُمْ رُكُوعٌ فِي صَلَاةِ الْفَجْرِ وَقَدْ صَلَّوْا رَكْعَةً، فَنَادَى أَلَا إِنَّ الْقِبْلَةَ قَدْ حُوِّلَتْ، فَمَالُوا كَمَا هُمْ نَحْوَ الْقِبْلَةِ."
2,"158","سبب نزول: أ: (قَالَ عُرْوَةُ رضي الله عنه: سَأَلْتُ عَائِشَةَ رضي الله عنها فَقُلْتُ لَهَا: أَرَأَيْتِ قَوْلَ اللَّهِ تَعَالَى: { إِنَّ ٱلصَّفَا وَٱلْمَرْوَةَ مِن شَعَآئِرِ ٱللَّهِ ۖ فَمَنْ حَجَّ ٱلْبَيْتَ أَوِ ٱعْتَمَرَ فَلَا جُنَاحَ عَلَيْهِ أَن يَطَّوَّفَ بِهِمَا ۚ }.  فَوَاللَّهِ مَا عَلَى أَحَدٍ جُنَاحٌ أَنْ لَا يَطُوفَ بِالصَّفَا وَالْمَرْوَةِ.
قَالَتْ: بِئْسَ مَا قُلْتَ يَا ابْنَ أُخْتِي، إِنَّ هَذِهِ لَوْ كَانَتْ كَمَا أَوَّلْتَهَا عَلَيْهِ، كَانَتْ: لَا جُنَاحَ عَلَيْهِ أَنْ لَا يَتَطَوَّفَ بِهِمَا، وَلَكِنَّهَا أُنْزِلَتْ فِي الْأَنْصَارِ، كَانُوا قَبْلَ أَنْ يُسْلِمُوا يُهِلُّونَ لِمَنَاةَ الطَّاغِيَةِ الَّتِي كَانُوا يَعْبُدُونَهَا عِنْدَ الْمُشَلَّلِ، فَكَانَ مَنْ أَهَلَّ يَتَحَرَّجُ أَنْ يَطُوفَ بِالصَّفَا وَالْمَرْوَةِ، فَلَمَّا أَسْلَمُوا سَأَلُوا رَسُولَ اللهِ ﷺ عَنْ ذَلِكَ، قَالُوا: يَا رَسُولَ اللهِ، إِنَّا كُنَّا نَحَرَّجُ أَنْ نَطُوفَ بَيْنَ الصَّفَا وَالمَرْوَةِ. فَأَنْزَلَ اللهُ تَعَالَى: {   إِنَّ ٱلصَّفَا وَٱلْمَرْوَةَ مِن شَعَآئِرِ ٱللَّهِ ۖ } الآيَةَ.
قَالَتْ عَائِشَةُ رضي الله عنها: وَقَدْ سَنَّ رَسُولُ اللهِ ﷺ الطَّوَافَ بَيْنَهُمَا فَلَيْسَ لِأَحَدٍ أَنْ يَتْرُكَ الطَّوَافَ بَيْنَهُمَا...)."
2,"158","سبب نزول: ب: (.... ثُمَّ أَخْبَرْتُ أَبَا بَكْرِ بْنَ عَبْدِ الرَّحْمَنِ رضي الله عنه فَقَالَ: إِنَّ هَذَا لَعِلْمُ مَا كُنْتُ سَمِعْتُهُ، وَلَقَدْ سَمِعْتُ رِجَالاً مِنْ أَهْلِ الْعِلْمِ يَذْكُرُونَ أَنَّ النَّاسَ - إِلَّا مَنْ ذَكَرَتْ عَائِشَةُ رضي الله عنها - مِمَّنْ كَانَ يُهِلَّ بِمَنَاةَ، كَانُوا يَطُوفُونَ كُلُّهُمْ بِالصَّفَا وَالْمَرْوَةِ، فَلَمَّا ذَكَرَ اللهُ تَعَالَى الطَّوَافَ بِالْبَيْتِ وَلَمْ يَذْكُرْ الصَّفَا وَالْمَرْوَةَ فِي الْقُرْآنِ، قَالُوا يَا رَسُولَ اللهِ: كُنَّا نَطُوفُ بِالصَّفَا وَالْمَرْوَةِ، وَإِنَّ اللهَ أَنْزَلَ الطَّوَافَ بِالْبَيْتِ فَلَمْ يَذْكُر الصَّفَا، فَهَلْ عَلَيْنَا مِنْ حَرَجٍ أَنْ نَطَّوَّفَ بِالصَّفَا وَالْمَرْوَةِ، فَأَنْزَلَ اللهُ تَعَالَى { إِنَّ ٱلصَّفَا وَٱلْمَرْوَةَ مِن شَعَآئِرِ ٱللَّهِ ۖ } الآيَةَ.
قَالَ أَبُو بَكْرٍ رضي الله عنه: فَأَسْمَعُ هَذِهِ الآيَةَ نَزَلَتْ فِي الْفَرِيقَيْنِ كِلَيْهِمَا، فِي الَّذِينَ كَانُوا يَتَحَرَّجُونَ أَنْ يَطُوفُوا بِالْجَاهِلِيَّةِ بِالصَّفَا وَالْمَرْوَةِ، وَالَّذِينَ يَطُوفُونَ ثُمَّ تَحَرَّجُوا أَنْ يَطُوفُوا بِهِمَا فِي الْإِسْلَامِ، مِنْ أَجْلِ أَنَّ اللهَ تَعَالَى أَمَرَ بِالطَّوَافِ بِالْبَيْتِ وَلَمْ يَذْكُر الصَّفَا حَتَّى ذَكَرَ ذَلِكَ بَعدَ مَا ذَكَرَ الطواف بالبيت."
2,"158","عَنْ عَاصِمِ بْنِ سُلَيْمَانِ رضي الله عنه قَالَ: سَأَلْتُ أَنَسَ بْنَ مَالِكٍ رضي الله عنه عَنِ الصَّفَا وَالمَرْوَةِ فَقَالَ: كُنَّا نَرَى أَنَّهُمَا مِنْ أَمْرِ الجَاهِلِيَّةِ، فَلَمَّا كَانَ الإِسْلَامُ أَمْسَكْنَا عَنْهُمَا، فَأَنْزَلَ اللهُ تَعَالَى: { إِنَّ ٱلصَّفَا وَٱلْمَرْوَةَ مِن شَعَآئِرِ ٱللَّهِ ۖ فَمَنْ حَجَّ ٱلْبَيْتَ أَوِ ٱعْتَمَرَ فَلَا جُنَاحَ عَلَيْهِ أَن يَطَّوَّفَ بِهِمَا ۚ }."
2,"187","عَنِ البَرَاءِ رضي الله عنه قَالَ : كَانَ أَصْحَابُ مُحَمَّدٍ ﷺ إِذَا كَانَ الرَّجُلُ صَائِماً فَحَضَرَ الإِفْطَارُ فَنَامَ قَبْلَ أَنْ يُفْطِرَ ، لَمْ يَأْكُلْ لَيْلَتَهُ وَلَا يَوْمَهُ حَتَّى يُمْسِيَ، وَإِنَّ قَيْسَ بْنَ صِرْمَةَ الأَنْصَارِيَّ كَانَ صَائِماً فَلَمَّا حَضَرَ الإِفْطَارَ أَتَى امْرَأَتَهُ فَقَالَ لَهَا : أَعِنْدَكِ طَعَامٌ ؟ قَالَتْ : لَا وَلِكِنْ أَنْطَلِقُ فَأَطْلُبُ لَكَ. وَكَانَ يَوْمَهُ يَعْمَلُ ، فَغَلَبَتَهُ عَيْنَاهُ ، فَجَاءَتْهُ امْرَأَتُهُ ، فَلَمَّا رَأَتْهُ قَالَتْ : خَيْبَةً لَكَ . فَلَمَّا انْتَصَفَ النَّهَارُ غُشِيَ عَلَيْهِ ، فَذُكِرَ ذَلِكَ لِلنَّبِيِّ ﷺ ، فَنَزَلَتْ هَذِهِ الْآيَةِ : { أُحِلَّ لَكُمْ لَيْلَةَ ٱلصِّيَامِ ٱلرَّفَثُ إِلَىٰ نِسَآئِكُمْ ۚ } فَفَرِحُوا بِهَا فَرَحَاً شَدِيداً، وَنَزَلَتْ { وَكُلُوا۟ وَٱشْرَبُوا۟ حَتَّىٰ يَتَبَيَّنَ لَكُمُ ٱلْخَيْطُ ٱلْأَبْيَضُ مِنَ ٱلْخَيْطِ ٱلْأَسْوَدِ }.

وفي لفظ آخر للبخاري : عَنِ البَرَاءِ رضي الله عنه : لَمَّا نَزَلَ صَوْمُ رَمَضَانَ، كَانُوا لَا يَقْرَبُونَ النِّسَاءَ رَمَضَانَ كُلَّهُ ، وَكَانَ رِجَالٌ يَخُونُونَ أَنْفُسَهُمْ، فَأَنْزَلَ اللهُ { عَلِمَ ٱللَّهُ أَنَّكُمْ كُنتُمْ تَخْتَانُونَ أَنفُسَكُمْ فَتَابَ عَلَيْكُمْ وَعَفَا عَنكُمْ ۖ }."
2,"187","عَنْ عَبْدِ اللهِ بْنِ مَالِكٍ رضي الله عنه يُحَدِّثُ عَنْ أَبِيهِ قَالَ : كَانَ النَّاسُ فِي رَمَضَانَ إِذَا صَامَ الرَّجُلُ فَأَمْسَى فَنَامَ حَرُمَ عَلَيْهِ الطَّعَامُ وَالشَّرَابُ وَالنِّسَاءُ حَتَّى يُفْطِرَ مِنَ الغَدِ، فَرَجَعَ عُمَرُ بْنُ الخَطَابِ رضي الله عنه مِنْ عِنْدِ النَّبِيِّ ﷺ ذَاتَ لَيْلَةٍ وَقَدْ سَهِرَ عِنْدَهُ، فَوَجَدَ امْرَأَتَهُ قَدْ نَامَتْ فَأَرَادَهَا ، فَقَالَتْ: إِنِّي قَدْ نِمْتُ، قَالَ : مَا نِمْتِ . ثُمَّ وَقَعَ بِهَا ، وَصَنَعَ كَعْبُ بْنُ مَالِكٍ رضي الله عنه مِثْلَ ذَلِكَ . فَغَدًا عُمَرُ إِلَى النَّبِيِّ ﷺ فَأَخْبَرَهُ. فَأَنْزَلَ اللهُ تَعَالَى : { عَلِمَ ٱللَّهُ أَنَّكُمْ كُنتُمْ تَخْتَانُونَ أَنفُسَكُمْ فَتَابَ عَلَيْكُمْ وَعَفَا عَنكُمْ ۖ } ."
2,"187","عَنْ سَهْلِ بْنِ سَعْدِ رضي الله عنه قَالَ: أُنْزِلَتْ { وَكُلُوا۟ وَٱشْرَبُوا۟ حَتَّىٰ يَتَبَيَّنَ لَكُمُ ٱلْخَيْطُ ٱلْأَبْيَضُ مِنَ ٱلْخَيْطِ ٱلْأَسْوَدِ }، وَلَمْ يَنْزِلْ مِنَ الفَجْرِ، فَكَانَ رِجَالٌ إِذَا أَرَادُوا الصَّوْمَ، رَبَطَ أَحَدُهُمْ فِي رِجْلِهِ الخَيْطَ الأَبْيَضَ وَالخَيْطَ الأَسْوَدَ، وَلَمْ يَزَلْ يَأْكُلُ حَتَّى يَتَبَيَّنَ لَهُ رُؤْيَتُهُمَا، فَأَنْزَلَ اللهُ بَعْدُ { مِنَ ٱلْفَجْرِ ۖ }، فَعَلِمُوا أَنَّهُ إِنَّمَا يَعْنِي اللَّيْلَ وَالنَّهَارِ."
2,"187","عَنِ ابْنِ عَبَّاسٍ رضي الله عنهما: { يَـٰٓأَيُّهَا ٱلَّذِينَ ءَامَنُوا۟ كُتِبَ عَلَيْكُمُ ٱلصِّيَامُ كَمَا كُتِبَ عَلَى ٱلَّذِينَ مِن قَبْلِكُمْ لَعَلَّكُمْ تَتَّقُونَ }، فَكَانَ النَّاسُ عَلَى عَهْدِ النَّبِيِّ ﷺ إِذَا صَلُّوا العَتَمَةَ، حَرُمَ عَلَيْهِمْ الطَّعَامُ وَالشَّرَابُ وَالنِّسَاءُ وَصَامُوا إِلَى القَابِلَةِ، فَاخْتَانَ رَجُلٌ نَفْسَهُ فَجَامَعَ امْرَأَتَهُ وَقَدْ صَلَّى العِشَاءَ وَلَمْ يُفْطِرْ، فَأَرَادَ اللَّهُ عز و جل أَنْ يَجْعَلَ ذَلِكَ يُسْراً لِمَنْ بَقِيَ وَرُخْصَةً وَمَنْفَعَةً، فَقَالَ سُبْحَانَهُ: { عَلِمَ ٱللَّهُ أَنَّكُمْ كُنتُمْ تَخْتَانُونَ أَنفُسَكُمْ } الآيَةَ، وَكَانَ هَذَا مِمَّا نَفَعَ اللَّهُ بِهِ النَّاسَ وَرَخَّصَ لَهُمْ وَيَسَّرَ."
2,"189","عَنْ أَبِي إِسْحَاقَ قَالَ: سَمِعْتُ الْبَرَاءَ رضي الله عنه يَقُولُ:
نَزَلَتْ هَذِهِ الآيَةُ فِينَا، كَانَتِ الأَنْصَارُ إِذَا حَجُّوا فَجَاءُوا لَمْ يَدْخُلُوا مِنْ قِبَلِ أَبْوَابِ بُيُوتِهِمْ وَلَكِنْ مِنْ ظُهُورِهَا، فَجَاءَ رَجُلٌ مِنَ الْأَنْصَارِ فَدَخَلَ مِنْ قِبَلِ بَابِهِ، فَكَأَنَّهُ عُيْرَ بِذَلِكَ، فَنَزَلَتْ { وَلَيْسَ ٱلْبِرُّ بِأَن تَأْتُوا۟ ٱلْبُيُوتَ مِن ظُهُورِهَا وَلَـٰكِنَّ ٱلْبِرَّ مَنِ ٱتَّقَىٰ ۗ وَأْتُوا۟ ٱلْبُيُوتَ مِنْ أَبْوَٰبِهَا ۚ }."
2,"189","عَنْ جَابِرِ بْنِ عَبْدِ اللهِ رَضِيَ اللهُ تَعَالَى عَنْهُمَا قَالَ: كَانَتْ قُرَيْشٌ يُدْعَونَ الحُمْسِ، وَكَانُوا يَدْخُلُونَ مِنَ الْأَبْوَابِ فِي الْإِحْرَامِ، وَكَانَتِ الأَنْصَارُ وَسَائِرُ العَرَبِ لَا يَدْخُلُونَ مِنَ الأَبْوَابِ فِي الإِحْرَامِ، فَبَيْنَمَا رَسُولُ اللهِ ﷺ فِي بُسْتَانٍ فَخَرَجَ مِنْ بَابِهِ وَخَرَجَ مَعَهُ قُطْبَةُ بْنُ عَامِرٍ الأَنْصَارِي فَقَالُوا: يَا رَسُولَ اللهِ: إِنَّ قُطْبَةَ بْنِ عَامِرٍ رَجُلٌ فَاجِرٌ، إِنَّهُ خَرَجَ مَعَكَ مِنَ البَابِ، فَقَالَ: « مَا حَمَلَكَ عَلَى ذَلِكَ » قَالَ: رَأَيْتُكَ فَعَلْتَ فَفَعَلْتُ كَمَا فَعَلْتَ، فَقَالَ: « إِنِّي أَحْمُسِي » قَالَ: إِنَّ دِينِي دِينُكَ. فَأَنْزَلَ اللهُ عز و جل { وَلَيْسَ ٱلْبِرُّ بِأَن تَأْتُوا۟ ٱلْبُيُوتَ مِن ظُهُورِهَا وَلَـٰكِنَّ ٱلْبِرَّ مَنِ ٱتَّقَىٰ ۗ وَأْتُوا۟ ٱلْبُيُوتَ مِنْ أَبْوَٰبِهَا ۚ }."
2,"195","عَنْ أَسْلَمَ أَبِي عِمْرَانَ التُّجِيبِيِّ قَالَ: كُنَّا بِمَدَيْنَةِ الرُّومِ فَأَخْرَجُوا إِلَيْنَا صَفَاً عَظِيماً مِنَ الرُّومِ، فَخَرَجَ إِلَيْهِمْ مِنَ المُسْلِمِينَ مِثْلُهُمْ أَوْ أَكْثَرُ، وَعَلَى أَهْلِ مِصْرَ عُقْبَةُ بْنُ عَامِرٍ، وَعَلَى الجَمَاعَةِ فَضَالَةُ بْنُ عُبَيْدٍ، فَحَمَلَ رَجُلٌ مِنَ المُسْلِمِينَ عَلَى صَفُ الرُّومِ حَتَّى دَخَلَ فِيهِمْ، فَصَاحَ النَّاسُ، وَقَالُوا: سُبْحَانَ اللهِ يُلْقِي بِيَدَيْهِ إِلَى التَّهْلُكَةِ.

فَقَامَ أَبُو أَيُّوبَ الأَنْصَارِيُّ فَقَالَ: يَا أَيُّهَا النَّاسُ إِنَّكُمْ تَتَأَوَّلُونَ هَذِهِ الْآيَةَ هَذَا التَّأْوِيلَ!! وَإِنَّمَا أُنْزِلَتْ هَذِهِ الآيَةَ فِينَا مَعْشَرَ الْأَنْصَارِ، لَمَّا أَعَزَّ اللهُ الإِسْلَامَ وَكَثُرَ نَاصِرُوهُ، فَقَالَ بَعْضُنَا لِبَعْضِ سِرًّا - دُونَ رَسُولِ اللهِ ﷺ -: إِنَّ أَمْوَالَنَا قَدْ ضَاعَتْ وَإِنَّ الله قَدْ أَعَزَّ الإِسْلَامَ وَكَثُرَ نَاصِرُوهُ فَلَوْ أَقَمْنَا فِي أَمْوَالِنَا فَأَصْلَحْنَا مَا ضَاعَ مِنْهَا، فَأَنْزَلَ اللهُ عَلَى نَبِيِّهِ ﷺ يَرُدُّ عَلَيْنَا مَا قُلْنَا: { وَأَنفِقُوا۟ فِى سَبِيلِ ٱللَّهِ وَلَا تُلْقُوا۟ بِأَيْدِيكُمْ إِلَى ٱلتَّهْلُكَةِ ۛ } فَكَانَتْ التَّهْلُكَةُ الإِقَامَةَ عَلَى الْأَمْوَالِ وَإِصْلَاحِهَا وَتَرْكَنَا الغَزْوَ، فَمَا زَالَ أَبُو أَيُّوبَ شَاخِصاً فِي سَبِيلِ اللهِ حَتَّى دُفِنَ بأَرْضِ الرُّومِ."
2,"195","عَنْ أَبِي جَبِيرَةَ بْنِ الضَّحَّاكِ رضي الله عنه قَالَ: كَانَتْ الْأَنْصَارُ يَتَصَدَّقُونَ وَيُعْطُونَ مَا شَاءَ اللهُ، فَأَصَابَتُهُمْ مُصِيبَةٌ فَأَمْسَكُوا. فَأَنْزَلَ اللَّهُ عز و جل { وَلَا تُلْقُوا۟ بِأَيْدِيكُمْ إِلَى ٱلتَّهْلُكَةِ ۛ }."
2,"196","عَنْ عَبْدِ اللهِ بْنِ مَعْقِلٍ قَالَ: قَعَدْتُ إِلَى كَعْبٍ رضي الله عنه وَهُوَ فِي المَسْجِدِ، فَسَأَلْتُهُ عَنْ هَذِهِ الآيَةِ: { فَفِدْيَةٌ مِّن صِيَامٍ أَوْ صَدَقَةٍ أَوْ نُسُكٍ ۚ }.
 فَقَالَ كَعْبٌ رضي الله عنه: نَزَلَتْ فِيَّ، كَانَ بِي أَذًى مِنْ رَأْسِي، فَحُمِلْتُ إِلَى رَسُولِ اللهِ ﷺ وَالْقَمْلُ يَتَنَاثَرُ عَلَى وَجْهِي. فَقَالَ: « مَا كُنْتُ أَرَى أَنَّ الجَهْدَ بَلَغَ مِنْكَ مَا أَرَى، أَتَجِدُ شَاةً؟ ». فَقُلْتُ: لَا، فَنَزَلَتْ هَذِهِ الْآيَةُ { فَفِدْيَةٌ مِّن صِيَامٍ أَوْ صَدَقَةٍ أَوْ نُسُكٍ ۚ }، قَالَ: صَوْمُ ثَلَاثَةِ أَيَّامٍ أَوْ إِطْعَامٌ سِتَّةِ مَسَاكِينَ نِصْفَ صَاعٍ طَعَاماً لِكُلِّ مِسْكِينٍ. قَالَ: فَنَزَلَتْ فِيَّ خَاصَّةً، وَهِيَ لَكُمْ عَامَّةٌ. اللفظ لمسلم."
2,"197","عَنِ ابْنِ عَبَّاسٍ رضي الله عنهما قَالَ: كَانَ أَهْلُ اليَمَنِ يَحُجُّونَ وَلَا يَتَزَوَّدُونَ، وَيَقُولُونَ: نَحْنُ الْمُتَوَكِّلُونَ، فَإِذَا قَدِمُوا مَكَّةَ سَأَلُوا النَّاسَ، فَأَنْزَلَ اللَّهُ تَعَالَى: {  وَتَزَوَّدُوا۟ فَإِنَّ خَيْرَ ٱلزَّادِ ٱلتَّقْوَىٰ ۚ }."
2,"197","عَنِ ابْنِ عُمَر رضي الله عنهما قَالَ: كَانُوا إِذَا أَحْرَمُوا وَمَعَهُمْ أَزْوَادُهُمْ رَمَوا بِهَا، وَاسْتَأْنَفُوا زَاداً آخَرَ ؛ فَأَنْزَلَ اللهُ تَعَالَى { وَتَزَوَّدُوا۟ فَإِنَّ خَيْرَ ٱلزَّادِ ٱلتَّقْوَىٰ ۚ }، فَنْهُوْا عَنْ ذَلِكَ وَأُمِرُوا أَنْ يَتَزَوَّدُوا الدَّقِيقَ وَالسَّوِيْقَ وَالكَعْكَ."
2,"198","عَنِ ابْنِ عَبَّاسٍ رضي الله عنهما قَالَ: كَانَتْ عُكَاظٌ وَمَجَنَّةُ وَذُو الْمَجَازِ أَسْوَاقاً فِي الْجَاهِلِيَّةِ، فَلَمَّا كَانَ الْإِسْلَامُ فَكَأَنَّهُمْ تَأَتَّمُوا فِيهِ، فَنَزَلَتْ لَيْسَ { لَيْسَ عَلَيْكُمْ جُنَاحٌ أَن تَبْتَغُوا۟ فَضْلًا مِّن رَّبِّكُمْ ۚ }، فِي مَوَاسِمِ الْحَجُ."
2,"198","وهناك سبب ثان: عَنْ أَبِي أُمَامَةَ التَّيْمِيِّ رحمه الله قَالَ: قُلْتُ لَابْنِ عُمَرَ رضي الله عنهما إِنَّا نُكْرِي فَهَلْ لَنَا مِنْ حَجِّ؟ قَالَ: أَلَيْسَ تَطُوفُونَ بِالْبَيْتِ، وَتَأْتُونَ الْمُعَرَّفَ، وَتَرْمُونَ الْجِمَارَ، وَتَحْلِقُونَ رُءُوسَكُمْ ؟ قَالَ: قُلْنَا: بَلَى، فَقَالَ ابْنُ عُمَرَ: جَاءَ رَجُلٌ إِلَى النَّبِيِّ ﷺ، فَسَأَلَهُ عَنْ الَّذِي سَأَلْتَنِي، فَلَمْ يُجِبُهُ، حَتَّى نَزَلَ عَلَيْهِ جِبْرِيلُ عليه السلام بِهَذِهِ الآيَةِ: { لَيْسَ عَلَيْكُمْ جُنَاحٌ أَن تَبْتَغُوا۟ فَضْلًا مِّن رَّبِّكُمْ ۚ } فَدَعَاهُ النَّبِيُّ ﷺ فَقَالَ: « أَنْتُمْ حُجَّاجٌ »."
2,"199","عَنْ هِشَامٍ عَنْ أَبِيهِ قَالَ: كَانَت الْعَرَبُ تَطُوفُ بِالْبَيْتِ عُرَاةٌ إِلَّا الْحُمْسَ، وَالْحُمْسُ قُرَيْشٌ وَمَا وَلَدَتْ، كَانُوا يَطُوفُونَ عُرَاةٌ إِلَّا أَنْ تُعْطِيَهُمْ الْحُمْسَ ثِيَاباً، فَيُعْطِي الرِّجَالُ الرِّجَالَ وَالنِّسَاءُ النِّسَاءَ، وَكَانَتْ الْحُمْسُ لَا يَخْرُجُونَ مِنَ الْمُزْدَلِفَةِ، وَكَانَ النَّاسُ كُلُّهُمْ يَبْلُغُونَ عَرَفَات.

قَالَ هِشَامٌ: فَحَدَّثَنِي أَبِي، عَنْ عَائِشَةَ رضي الله عنها قَالَتْ: الْحُمْسُ هُمُ الَّذِينَ أَنْزَلَ اللهُ عز و جل فِيهِمْ: { ثُمَّ أَفِيضُوا۟ مِنْ حَيْثُ أَفَاضَ ٱلنَّاسُ }، قَالَتْ: كَانَ النَّاسُ يُفِيضُونَ مِنْ عَرَفَاتٍ، وَكَانَ الْحُمْسُ يُفِيضُونَ مِنْ الْمُزْدَلِفَةِ، يَقُولُونَ: لَا نٌفِيضُ إِلَّا مِنْ الْحَرَمِ. فَلَمَّا نَزَلَتْ أَفِيضُوا مِنْ حَيْثُ أَفَاضَ النَّاسُ، رَجَعُوا إِلَى عَرَفَاتٍ."
2,"200-201-202","وقال سعيد بن جبير عن ابن عباس رضي الله عنهما: كان أهل الجاهلية يقفون في الموسم، فيقول الرجل منهم كان أبي يطعم، ويحمل الحمالات، ويحمل الديات، ليس لهم ذكر غير فعال آبائهم. فأنزل الله على محمد ﷺ { فَٱذْكُرُوا۟ ٱللَّهَ كَذِكْرِكُمْ ءَابَآءَكُمْ أَوْ أَشَدَّ ذِكْرًا ۗ }."
2,"207","عن عكرمة رضي الله عنه قال: لما خرج صهيب رضي الله عنه مهاجراً، تبعه أهل مكة، فنثل كنانته، فأخرج منها أربعين سهماً، فقال: لا تصلون إلي حتى أضع في كل رجل منكم سهماً، ثم أصير بعد إلى السيف، فتعلمون أني رجل، وقد خلفت بمكة قينتين فهما لكم.

وحدثنا حماد بن سلمة عن ثابت عن أنس رضي الله عنه نحوه، ونزلت على النبي ﷺ { وَمِنَ ٱلنَّاسِ مَن يَشْرِى نَفْسَهُ ٱبْتِغَآءَ مَرْضَاتِ ٱللَّهِ ۗ }، فلما رآه النبي ﷺ قال: « أبا يحيى ربح البيع ». قال: وتلا عليه الآية."
2,"217-218","عن جندب بن عبد الله رضي الله عنه، عن النبي ﷺ: أنه بعث رهطاً، وبعث عليهم أبا عبيدة، فلما ذهب لينطلق بكى صبابة إلى رسول الله ﷺ، فجلس، فبعث عليهم عبد الله ابن جحش مكانه، وكتب له كتاباً وأمره أن لا يقرأ الكتاب حتى يبلغ مكان كذا وكذا، وقال:: « لا تكرهن أحداً من أصحابك على المسير معك »، فلما قرأ الكتاب استرجع، وقال: سمعاً وطاعة للَّه ولرسوله، فخبرهم الخبر وقرأ عليهم الكتاب، فرجع رجلان ومضى بقيتهم فلقوا ابن الحضرمي فقتلوه، ولم يدروا أن ذلك اليوم من رجب أو جمادى؟.

فقال المشركون للمسلمين: قتلتم في الشهر الحرام؟! فأنزل الله عز و جل { يَسْـَٔلُونَكَ عَنِ ٱلشَّهْرِ ٱلْحَرَامِ } الآية، فقال بعضهم: إن لم يكونوا أصابوا وزراً فليس لهم أجر، فأنزل الله عز و جل { إِنَّ ٱلَّذِينَ ءَامَنُوا۟ وَٱلَّذِينَ هَاجَرُوا۟ وَجَـٰهَدُوا۟ فِى سَبِيلِ ٱللَّهِ أُو۟لَـٰٓئِكَ يَرْجُونَ رَحْمَتَ ٱللَّهِ ۚ وَٱللَّهُ غَفُورٌ رَّحِيمٌ ﴿٢١٨﴾ }."
2,"217-218","وعن عروة بن الزبير رضي الله عنهما - نحواً من هذا أيضاً - وفيه: فكان ابن الحضرمي أول قتيل قتل بين المسلمين والمشركين، فركب وفد من كفار قريش حتى قدموا على رسول الله ﷺ بالمدينة فقالوا: أيحل القتال في الشهر الحرام؟ فأنزل الله { يَسْـَٔلُونَكَ عَنِ ٱلشَّهْرِ ٱلْحَرَامِ } الآية."
2,"219","عَنْ عُمَرَ بْنِ الْخَطَّابِ رضي الله عنه قَالَ: لَمَّا نَزَلَ تَحْرِيمُ الخَمْرِ قَالَ: اللَّهُمَّ بَيِّنْ لَنَا فِي الْخَمْرِ بَيَاناً شَافِياً، فَنَزَلَتْ هَذِهِ الْآيَةُ الَّتِي فِي سُورَةِ الْبَقَرَةِ {   يَسْـَٔلُونَكَ عَنِ ٱلْخَمْرِ وَٱلْمَيْسِرِ ۖ قُلْ فِيهِمَآ إِثْمٌ كَبِيرٌ }.

قَالَ: فَدُعِيَ عُمَرُ رضي الله عنه فَقُرِئَتْ عَلَيْهِ فَقَالَ: اللَّهُمَّ بَيِّنُ لَنَا فِي الْخَمْرِ بَيَاناً شَافِياً، فَنَزَلَتْ الْآيَةُ الَّتِي فِي سُورَةِ النِّسَاءِ { يَـٰٓأَيُّهَا ٱلَّذِينَ ءَامَنُوا۟ لَا تَقْرَبُوا۟ ٱلصَّلَوٰةَ وَأَنتُمْ سُكَـٰرَىٰ }، فَكَانَ مُنَادِي رَسُولِ الله ﷺ إِذَا أَقَامَ الصَّلَاةَ، نَادَى: أَنْ لَا يَقْرَبَنَّ الصَّلَاةَ سَكْرَانُ، فَدُعِيَ عُمَرُ رضي الله عنه فَقُرِئَتْ عَلَيْهِ.

فَقَالَ: اللَّهُمَّ بَيِّنُ لَنَا فِي الْخَمْرِ بَيَاناً شَافِياً، فَنَزَلَتْ الْآيَةُ الَّتِي فِي الْمَائِدَةِ، فَدُعِيَ عُمَرُ رضي الله عنه فَقُرِئَتْ عَلَيْهِ، فَلَمَّا بَلَغَ: { فَهَلْ أَنتُم مُّنتَهُونَ } قَالَ: فَقَالَ عُمَرُ رضي الله عنه: انْتَهَيْنَا انْتَهَيْنَا."
2,"219","عَنْ أَبِي هُرَيْرَةَ رضي الله عنه قَالَ: حُرِّمَتِ الْخَمْرُ ثَلَاثَ مَرَّاتِ، قَدِمَ رَسُولُ اللهِ ﷺ الْمَدِينَةَ وَهُمْ يَشْرَبُونَ الْخَمْرَ، وَيَأْكُلُونَ الْمَيْسِرَ، فَسَأَلُوا رَسُولَ اللهِ ﷺ عَنْهُمَا، فَأَنْزَلَ اللهُ عَلَى نَبِيِّهِ ﷺ: {  يَسْـَٔلُونَكَ عَنِ ٱلْخَمْرِ وَٱلْمَيْسِرِ ۖ قُلْ فِيهِمَآ إِثْمٌ كَبِيرٌ وَمَنَـٰفِعُ لِلنَّاسِ وَإِثْمُهُمَآ أَكْبَرُ مِن نَّفْعِهِمَا ۗ } إِلَى آخِرِ الآيَةِ. فَقَالَ النَّاسُ: مَا حَرَّمَ عَلَيْنَا إِنَّمَا قَالَ { فِيهِمَآ إِثْمٌ كَبِيرٌ }، وَكَانُوا يَشْرَبُونَ الْخَمْرَ، حَتَّى إِذَا كَانَ يَوْمٌ مِنْ الْأَيَّامِ، صَلَّى رَجُلٌ مِنْ الْمُهَاجِرِينَ أَمَّ أَصْحَابَهُ فِي الْمَغْرِبِ خَلَطَ فِي قِرَاءَتِهِ، فَأَنْزَلَ اللهُ فِيهَا آيَةٌ أَغْلَظَ مِنْهَا: { يَـٰٓأَيُّهَا ٱلَّذِينَ ءَامَنُوا۟ لَا تَقْرَبُوا۟ ٱلصَّلَوٰةَ وَأَنتُمْ سُكَـٰرَىٰ حَتَّىٰ تَعْلَمُوا۟ مَا تَقُولُونَ }.

وَكَانَ النَّاسُ يَشْرَبُونَ حَتَّى يَأْتِيَ أَحَدُهُمُ الصَّلَاةَ وَهُوَ مُفِيقٌ، ثُمَّ أُنْزِلَتْ آيَةً أَغْلَظُ مِنْ ذَلِكَ: { يَـٰٓأَيُّهَا ٱلَّذِينَ ءَامَنُوٓا۟ إِنَّمَا ٱلْخَمْرُ وَٱلْمَيْسِرُ وَٱلْأَنصَابُ وَٱلْأَزْلَـٰمُ رِجْسٌ مِّنْ عَمَلِ ٱلشَّيْطَـٰنِ فَٱجْتَنِبُوهُ لَعَلَّكُمْ تُفْلِحُونَ ﴿٩٠﴾ }. فَقَالُوا: انْتَهَيْنَا رَبَّنَا، فَقَالَ النَّاسُ: يَا رَسُولَ اللهِ نَاسٌ قُتِلُوا فِي سَبِيلِ اللهِ أَوْ مَاتُوا عَلَى فُرُشِهِمْ كَانُوا يَشْرَبُونَ الْخَمْرَ، وَيَأْكُلُونَ الْمَيْسِرَ، وَقَدْ جَعَلَهُ اللهُ رِجْسَاً وَمِنْ عَمَلِ الشَّيْطَانِ، فَأَنْزَلَ اللهُ: { لَيْسَ عَلَى ٱلَّذِينَ ءَامَنُوا۟ وَعَمِلُوا۟ ٱلصَّـٰلِحَـٰتِ جُنَاحٌۭ فِيمَا طَعِمُوٓا۟ إِذَا مَا ٱتَّقَوا۟ وَّءَامَنُوا۟ } إِلَى آخِرِ الآيَةِ، فَقَالَ النَّبِيُّ ﷺ: لَوْ « حُرُمَتْ عَلَيْهِمْ لَتَرَكُوهَا كَمَا تَرَكْتُمْ »."
2,"219","عن ابن عمر رضي الله عنهما قال: نزلت في الخمر ثلاث آيات، فأول شيء نزل { يَسْـَٔلُونَكَ عَنِ ٱلْخَمْرِ وَٱلْمَيْسِرِ ۖ } الآية، فقيل: حرمت الخمر، فقيل يا رسول الله دعنا ننتفع بها كما قال الله عز و جل، فسكت عنهم، ثم نزلت هذا الآية { لَا تَقْرَبُوا۟ ٱلصَّلَوٰةَ وَأَنتُمْ سُكَـٰرَىٰ }، فقيل: حرمت، فقالوا: لا يا رسول الله إنا لا نشربها قرب الصلاة، فسكت عنهم، ثم نزلت: { يَـٰٓأَيُّهَا ٱلَّذِينَ ءَامَنُوٓا۟ إِنَّمَا ٱلْخَمْرُ وَٱلْمَيْسِرُ } الآية، فقال رسول الله ﷺ: « حرمت الخمر ».

قال: وقدِمتْ لرجلٍ راوية من الشام أو روايا، فقام النبي ﷺ وأبو بكر وعمر، ولا أعلم عثمان إلا معهم فانتهوا إلى الرجل، فقال رسول الله ﷺ: خلِّ عنا نشُقَّها، فقال: يا رسول الله أفلا نبيعها، قال رسول الله ﷺ: « إن الله لعن الخمر، ولعن غارسها، ولعن شاربها، ولعن عاصرها، ولعن موكلها، ولعن مديرها، ولعن ساقيها، ولعن حاملها، ولعن أكل ثمنها، ولعن بايعها »."
2,"220","عَنِ ابْنِ عَبَّاسٍ قَالَ: لَمَّا أَنْزَلَ اللهُ عز و جل { وَلَا تَقْرَبُوا۟ مَالَ ٱلْيَتِيمِ إِلَّا بِٱلَّتِى هِىَ أَحْسَنُ }، و { إِنَّ ٱلَّذِينَ يَأْكُلُونَ أَمْوَٰلَ ٱلْيَتَـٰمَىٰ ظُلْمًا } الآية، انْطَلَقَ مَنْ كَانَ عِنْدَهُ يَتِيمٌ، فَعَزَلَ طَعَامَهُ مِنْ طَعَامِهِ، وَشَرَابَهُ مِنْ شَرَابِهِ، فَجَعَلَ يَفْضُلُ مِنْ طَعَامِهِ فَيُحْبَسُ لَهُ حَتَّى يَأْكُلَهُ أَوْ يَفْسُدَ، فَاشْتَدَّ ذَلِكَ عَلَيْهِمْ، فَذَكَرُوا ذَلِكَ لِرَسُولِ اللهِ ﷺ، فَأَنْزَلَ اللهُ عز و جل: { وَيَسْـَٔلُونَكَ عَنِ ٱلْيَتَـٰمَىٰ ۖ  قُلْ إِصْلَاحٌ لَّهُمْ خَيْرٌ ۖ وَإِن تُخَالِطُوهُمْ فَإِخْوَٰنُكُمْ ۚ }، فَخَلَطُوا طَعَامَهُمْ بِطَعَامِهِ، وَشَرَابَهُمْ بِشَرَابِهِ."
2,"220","عن قتادة رحمه الله عنه قال: لما نزلت { وَلَا تَقْرَبُوا۟ مَالَ ٱلْيَتِيمِ إِلَّا بِٱلَّتِى هِىَ أَحْسَنُ }، اعتزل الناس اليتامى، فلم يخالطوهم في مأكل ولا مشرب ولا مال، قال: فشق ذلك على الناس، فسألوا رسول الله، فأنزل الله عز و جل: {  وَيَسْـَٔلُونَكَ عَنِ ٱلْيَتَـٰمَىٰ ۖ  قُلْ إِصْلَاحٌ لَّهُمْ خَيْرٌ ۖ وَإِن تُخَالِطُوهُمْ فَإِخْوَٰنُكُمْ ۚ }."
2,"222","عَنْ أَنَسٍ رضي الله عنه: أَنَّ الْيَهُودَ كَانُوا إِذَا حَاضَتِ الْمَرْأَةُ فِيهِمْ، لَمْ يُؤَاكِلُوهَا وَلَمْ يُجَامِعُوهُنَّ فِي الْبُيُوتِ، فَسَأَلَ أَصحابُ النَّبِيِّ ﷺ النَّبِيَّ ﷺ فَأَنْزَلَ اللهُ تَعَالَى { وَيَسْـَٔلُونَكَ عَنِ ٱلْمَحِيضِ ۖ قُلْ هُوَ أَذًى فَٱعْتَزِلُوا۟ ٱلنِّسَآءَ فِى ٱلْمَحِيضِ ۖ } إِلَى آخِرِ الآيَةِ، فَقَالَ رَسُولُ اللهِ ﷺ: « اصْنَعُوا كُلَّ شَيْءٍ إِلَّا النِّكَاحَ » فَبَلَغَ ذَلِكَ الْيَهُودَ فَقَالُوا: مَا يُرِيدُ هَذَا الرَّجُلُ أَنْ يَدَعَ مِنْ أَمْرِنَا شَيْئًا إِلَّا خَالَفَنَا فِيهِ، فَجَاءَ أُسَيْدُ بْنُ حُضَيْرٍ وَعَبَّادُ بْنُ بِشْرٍ فَقَالَا: يَا رَسُولَ اللهِ، إِنَّ الْيَهُودَ تَقُولُ كَذَا وَكَذَا، فَلَا نُجَامِعُهُنَّ؟ فَتَغَيَّرَ وَجْهُ رَسُولِ اللهِ ﷺ حَتَّى ظَنَنَّا أَنْ قَدْ وَجَدَ عَلَيْهِمَا، فَخَرَجَا فَاسْتَقْبَلَهُمَا هَدِيَّةٌ مِنْ لَبَنٍ إِلَى النَّبِيِّ ﷺ، فَأَرْسَلَ فِي آثَارِهِمَا، فَسَقَاهُمَا، فَعَرَفَا أَنْ لَمْ يَجِدْ عَلَيْهِمَا. واللفظ لمسلم."
2,"222","عَنِ ابْنِ عَبَّاسِ رضي الله عنهما: أَنَّ ثَابِتَ بْنِ الدَّحْدَاحِ رضي الله عنه سَأَلَ النَّبِيَّ ﷺ فَنَزَلَتْ: { وَيَسْـَٔلُونَكَ عَنِ ٱلْمَحِيضِ ۖ } الآيَة."
2,"222","عَنْ عِكْرِمَةَ رَحِمَهُ اللهُ تَعَالَى قَالَ: كَانَ أَهْلُ الْجَاهِلِيَّةِ يَصْنَعُونَ فِي الْحَائِضِ نَحْواً مِنْ صَنِيعِ الْمَجُوسِ، فَذُكِرَ ذَلِكَ لِلنَّبِيِّ ﷺ فَنَزَلَتْ: { وَيَسْـَٔلُونَكَ عَنِ ٱلْمَحِيضِ ۖ قُلْ هُوَ أَذًى فَٱعْتَزِلُوا۟ ٱلنِّسَآءَ فِى ٱلْمَحِيضِ ۖ وَلَا تَقْرَبُوهُنَّ حَتَّىٰ يَطْهُرْنَ ۖ  } فَلَمْ يَزْدَدُ الْأَمْرُ فِيهِنَّ إِلَّا شِدَّةٌ."
2,"222","عَنْ مُجَاهِدٍ رحمه الله قَالَ: كَانُوا يَجْتَنِبُونَ النِّسَاءَ فِي الْمَحِيضِ وَيَأْتُونَهُنَّ فِي أَدْبَارِهِنَّ، فَسَأَلُوا رَسُولَ اللهِ ﷺ عَنْ ذَلِكَ؟ فَأَنْزَلَ اللهُ تَعَالَى { وَيَسْـَٔلُونَكَ عَنِ ٱلْمَحِيضِ ۖ قُلْ هُوَ أَذًى فَٱعْتَزِلُوا۟ ٱلنِّسَآءَ فِى ٱلْمَحِيضِ ۖ وَلَا تَقْرَبُوهُنَّ حَتَّىٰ يَطْهُرْنَ ۖ فَإِذَا تَطَهَّرْنَ فَأْتُوهُنَّ مِنْ حَيْثُ أَمَرَكُمُ ٱللَّهُ ۚ } فِي الْفَرْجِ، وَلَا تَعْدُوهُ."
2,"223","عَن جابر بن عبد الله رضي الله عنه قَالَ: كَانَتْ الْيَهُودُ تَقُولُ: إِذَا جَامَعَهَا مِنْ وَرَائِهَا جَاءَ الْوَلَدُ أَحْوَلَ، فَنَزَلَتْ { نِسَآؤُكُمْ حَرْثٌ لَّكُمْ فَأْتُوا۟ حَرْثَكُمْ أَنَّىٰ شِئْتُمْ ۖ }."
2,"223","وسبب ثان لنزول الآية: عَنِ ابْنِ عَبَّاسٍ رضي الله عنهما قَالَ: جَاءَ عُمَرُ إِلَى رَسُولِ اللهِ ﷺ، فَقَالَ: يَا رَسُولَ اللهِ هَلَكْتُ. قَالَ: « وَمَا أَهْلَكَكَ »، قَالَ: حَوَّلْتُ رَحْلِي اللَّيْلَةَ، قَالَ: فَلَمْ يَرُدَّ عَلَيْهِ رَسُولُ اللهِ ﷺ شَيْئًا، قَالَ: فَأُنْزِلَتْ عَلَى رَسُولِ الله ﷺ هَذِهِ الآيَةَ { نِسَآؤُكُمْ حَرْثٌ لَّكُمْ فَأْتُوا۟ حَرْثَكُمْ أَنَّىٰ شِئْتُمْ ۖ } أَقْبِلْ وَأَدْبِرُ، وَاتَّقِ الدُّبُرَ وَالحَيْضَة."
2,"223","وهناك سبب ثالث لنزول الآية: عَنِ ابْنِ عَبَّاسٍ قَالَ: إِنَّ ابْنَ عُمَرَ - وَاللهُ يَغْفِرُ لَهُ - أَوْهَمَ، إِنَّمَا كَانَ هَذَا الْحَيُّ مِنْ الْأَنْصَارِ - وَهُمْ أَهْلُ وَثَنٍ -، مَعَ هَذَا الحَيِّ مِنْ يَهُودَ - وَهُمْ أَهْلُ كِتَابٍ، وَكَانُوا يَرَوْنَ لَهُمْ فَضْلاً عَلَيْهِمْ فِي الْعِلْمِ، فَكَانُوا يَقْتَدُونَ بِكَثِيرٍ مِنْ فِعْلِهِمْ، وَكَانَ مِنْ أَمْرِ أَهْلِ الْكِتَابِ أَنْ لَا يَأْتُوا النِّسَاءَ إِلَّا عَلَى حَرْفٍ، وَذَلِكَ أَسْتَرُ مَا تَكُونُ الْمَرْأَةُ، فَكَانَ هَذَا الْحَيُّ مِنْ الْأَنْصَارِ قَدْ أَخَذُوا بِذَلِكَ مِنْ فِعْلِهِمْ، وَكَانَ هَذَا الْحَيُّ مِنْ قُرَيْشٍ يَشْرَحُونَ النِّسَاءَ شَرْحاً مُنْكَراً، وَيَتَلَذَّذُونَ مِنْهُنَّ مُقْبِلَاتٍ وَمُدْبِرَاتٍ وَمُسْتَلْقِيَاتٍ، فَلَمَّا قَدِمَ الْمُهَاجِرُونَ الْمَدِينَةَ، تَزَوَّجَ رَجُلٌ مِنْهُمُ امْرَأَةً مِنْ الْأَنْصَارِ، فَذَهَبَ يَصْنَعُ بِهَا ذَلِكَ، فَأَنْكَرَتْهُ عَلَيْهِ، وَقَالَتْ: إِنَّمَا كُنَّا نُؤْتَى عَلَى حَرْفٍ، فَاصْنَعْ ذَلِكَ وَإِلَّا فَاجْتَنْبني. حَتَّى شَرِيَ أَمْرُهُمَا، فَبَلَغَ ذَلِكَ رَسُولَ اللهِ ﷺ فَأَنْزَلَ اللهُ عز و جل: { نِسَآؤُكُمْ حَرْثٌ لَّكُمْ فَأْتُوا۟ حَرْثَكُمْ أَنَّىٰ شِئْتُمْ ۖ } أَيْ: مُقْبِلَاتِ وَمُدْبِرَاتٍ وَمُسْتَلْقِيَاتٍ، يَعْنِي بِذَلِكَ مَوْضِعَ الْوَلَدِ."
2,"223","عن أبي النضر رحمه الله أنه قال لنافع مولى عبد الله بن عمر رضي الله عنهما: قد أكثر عليك القول أنك تقول عن ابن عمر إنه أفتى بأن يؤتى النساء في أدبارها، قال نافع: لقد كذبوا علي، ولكني سأخبرك كيف كان الأمر:
إن ابن عمر عرض المصحف يوماً وأنا عنده، حتى بلغ { نِسَآؤُكُمْ حَرْثٌ لَّكُمْ فَأْتُوا۟ حَرْثَكُمْ أَنَّىٰ شِئْتُمْ ۖ }، قال: يا نافع هل تعلم ما أمر هذه الآية، إنا كنا معشر قريش نجبي النساء، فلما دخلنا المدينة ونكحنا نساء الأنصار أردنا منهن مثل ما كنا نريد من نسائنا، فإذا من قد كرهن ذلك وأعظمنه، وكانت نساء الأنصار إنما يؤتين على جنوبهن فأنزل الله تعالى { نِسَآؤُكُمْ حَرْثٌ لَّكُمْ فَأْتُوا۟ حَرْثَكُمْ أَنَّىٰ شِئْتُمْ ۖ  }."
2,"223","عَنْ أَمِّ سَلَمَةَ رضي الله عنها قَالَتْ: لَمَّا قَدِمَ الْمُهَاجِرُونَ الْمَدِينَةَ عَلَى الْأَنْصَارِ، تَزَوَّجُوا مِنْ نِسَائِهِمْ، وَكَانَ الْمُهَاجِرُونَ يُجَبُّونَ، وَكَانَتِ الْأَنْصَارُ لَا تُجَبِّي، فَأَرَادَ رَجُلٌ مِنْ الْمُهَاجِرِينَ امْرَأَتَهُ عَلَى ذَلِكَ فَأَبَتْ عَلَيْهِ حَتَّى تَسْأَلَ رَسُولَ اللهِ ﷺ، قَالَتْ: فَأَتَتْهُ فَاسْتَحْيَتْ أَنْ تَسْأَلَهُ، فَسَأَلَتْهُ أُمُّ سَلَمَةَ، فَنَزَلَتْ { نِسَآؤُكُمْ حَرْثٌ لَّكُمْ فَأْتُوا۟ حَرْثَكُمْ أَنَّىٰ شِئْتُمْ ۖ  }، وَقَالَ: « لَا إِلاَّ فِي صِمَامٍ وَاحِدٍ »."
2,"228","عَنْ أَسْمَاءَ بِنْتِ يَزِيدَ بْنِ السَّكَنِ الْأَنْصَارِيَّةِ رضي الله عنها: أَنَّهَا طُلِّقَتْ عَلَى عَهْدِ رَسُولِ اللهِ ﷺ وَلَمْ يَكُنْ لِلْمُطَلَّقَةِ عِدَّةٌ، فَأَنْزَلَ اللهُ عز و جل حِينَ طُلِّقَتْ أَسْمَاءُ بِالْعِدَّةِ لِلطَّلَاقِ: { وَٱلْمُطَلَّقَـٰتُ يَتَرَبَّصْنَ } الآية، فَكَانَتْ أَوَّلَ مَنْ أُنْزِلَتْ فِيهَا الْعِدَّةُ لِلْمُطَلَّقَاتِ."
2,"229","عَنْ عَائِشَةَ رضي الله عنها قَالَتْ: كَانَ النَّاسُ، وَالرَّجُلُ يُطَلِّقُ امْرَأَتَهُ مَا شَاءَ أَنْ يُطَلِّقَهَا، وَهِيَ امْرَأَتُهُ إِذَا ارْتَجَعَهَا وَهِيَ فِي الْعِدَّةِ، وَإِنْ طَلَّقَهَا مِائَةَ مَرَّةٍ أَوْ أَكْثَرَ، حَتَّى قَالَ رَجُلٌ لامْرَأَتِهِ: وَاللهِ لا أَطَلْقُكَ فَتَبِينِي مِنِّي، وَلَا آوِيكِ أَبَداً.
قَالَتْ: وَكَيْفَ ذَاكَ؟ قَالَ: أُطَلِّقُكِ فَكُلَّمَا هَمَّتْ عِدَّتُكِ أَنْ تَنْقَضِيَ رَاجَعْتُكِ. فَذَهَبَتِ الْمَرْأَةُ حَتَّى دَخَلَتْ عَلَى عَائِشَةَ فَأَخْبَرَتْهَا، فَسَكَتَتْ عَائِشَةً حَتَّى جَاءَ النَّبِيُّ ﷺ فَأَخْبَرَتْهُ، فَسَكَتَ النَّبِيُّ ﷺ حَتَّى نَزَلَ الْقُرْآنُ: { ٱلطَّلَـٰقُ مَرَّتَانِ ۖ فَإِمْسَاكُۢ بِمَعْرُوفٍ أَوْ تَسْرِيحُۢ بِإِحْسَـٰنٍۢ ۗ }.
قَالَتْ عَائِشَةُ: فَاسْتَأْنَفَ النَّاسُ الطَّلَاقَ مُسْتَقْبَلاً، مَنْ كَانَ طَلَّقَ وَمَنْ لَمْ يَكُنْ طَلَّقَ."
2,"229","عن هِشَامِ بْنِ عُرْوَةَ عَنْ أَبِيهِ أَنَّهُ قَالَ: كَانَ الرَّجُلُ إِذَا طَلَّقَ امْرَأَتَهُ ثُمَّ ارْتَجَعَهَا قَبْلَ أَنْ تَنْقَضِيَ عِدَّتُهَا، كَانَ ذَلِكَ لَهُ، وَإِنْ طَلَّقَهَا أَلْفَ مَرَّةٍ، فَعَمَدَ رَجُلٌ إِلَى امْرَأَتِهِ فَطَلَّقَهَا، حَتَّى إِذَا شَارَفَتْ انْقِضَاءَ عِدَّتِهَا رَاجَعَهَا ثُمَّ طَلَّقَهَا، ثُمَّ قَالَ: لَا وَاللهِ لا آوِيكِ إِلَيَّ، وَلَا تَحِلِّينَ أَبَداً. فَأَنْزَلَ اللهُ تَبَارَكَ وَتَعَالَى { ٱلطَّلَـٰقُ مَرَّتَانِ ۖ فَإِمْسَاكُۢ بِمَعْرُوفٍ أَوْ تَسْرِيحُۢ بِإِحْسَـٰنٍۢ ۗ }، فَاسْتَقْبَلَ النَّاسُ الطلاق جَدِيداً مِنْ يَوْمِئِذٍ، مَنْ كَانَ طَلَّقَ مِنْهُمْ أَوْ لَمْ يُطَلِّقُ."
2,"232","عَنْ مَعْقِلِ بْنِ يَسَارٍ رضي الله عنه: أَنَّهُ زَوَّجَ أُخْتَهُ رَجُلاً مِنْ الْمُسْلِمِينَ عَلَى عَهْدِ رَسُولِ اللهِ ﷺ، فَكَانَتْ عِنْدَهُ مَا كَانَتْ، ثُمَّ طَلَّقَهَا تَطْلِيقَةً لَمْ يُرَاجِعْهَا حَتَّى انْقَضَتْ الْعِدَّةُ فَهَوِيَهَا وَهَوِيَتْهُ، ثُمَّ خَطَبَهَا مَعَ الْخُطَّابِ فَقَالَ لَهُ: يَا لُكَعُ، أَكْرَمْتُكَ بِهَا وَزَوَّجْتُكَهَا فَطَلَّقْتَهَا، وَاللهِ لَا تَرْجِعُ إِلَيْكَ أَبَداً آخِرُ مَا عَلَيْكَ، قَالَ: فَعَلِمَ اللهُ حَاجَتَهُ إِلَيْهَا، وَحَاجَتَهَا إِلَى بَعْلِهَا، فَأَنْزَلَ اللَّهُ تَبَارَكَ وَتَعَالَى: { وَإِذَا طَلَّقْتُمُ ٱلنِّسَآءَ فَبَلَغْنَ أَجَلَهُنَّ }  إِلَى قَوْلِهِ { وَأَنتُمْ لَا تَعْلَمُونَ } فَلَمَّا سَمِعَهَا مَعْقِلْ قَالَ: سَمْعاً لِرَبِّي وَطَاعَةً، ثُمَّ دَعَاهُ فَقَالَ: أَزَوُجُكَ وَأُكْرِمُكَ. واللفظ للترمذي."
2,"256","عَنِ ابْنِ عَبَّاسٍ قَالَ: كَانَتِ الْمَرْأَةُ تَكُونُ مِقْلاتاً، فَتَجْعَلُ عَلَى نَفْسِهَا إِنْ عَاشَ لَهَا وَلَدٌ أَنْ تُهَوِّدَهُ، فَلَمَّا أُجْلِيَتْ بَنُو النَّضِيرِ كَانَ فِيهِمْ مِنْ أَبْنَاءِ الْأَنْصَارِ، فَقَالُوا: لا نَدَعُ أَبْنَاءَنَا، فَأَنْزَلَ اللهُ عز و جل { لَآ إِكْرَاهَ فِى ٱلدِّينِ ۖ قَد تَّبَيَّنَ ٱلرُّشْدُ مِنَ ٱلْغَىِّ ۚ }، قَالَ أَبُو دَاوُد: الْمِقلاتُ الَّتِي لَا يَعِيشُ لَهَا وَلَدٌ."
2,"256","عن أبي بشر قال: سألت سعيد بن جبير عن قوله { لَآ إِكْرَاهَ فِى ٱلدِّينِ ۖ قَد تَّبَيَّنَ ٱلرُّشْدُ مِنَ ٱلْغَىِّ ۚ } قال: نزلت هذه في الأنصار، قال: قلت خاصة، قال: خاصة، قال: كانت المرأة في الجاهلية تنذر إن ولدت ولداً أن تجعله في اليهود، تلتمس بذلك طول بقائه، قال: فجاء الإسلام وفيهم منهم، فلما أجليت النضير قالوا: يا رسول الله أبناؤنا وإخواننا فيهم، قال: فسكت عنهم رسول الله، فأنزل الله تعالى ذكره: { لَآ إِكْرَاهَ فِى ٱلدِّينِ ۖ قَد تَّبَيَّنَ ٱلرُّشْدُ مِنَ ٱلْغَىِّ ۚ } قال: فقال رسول الله: « قد خير أصحابكم، فإن اختاروكم فهم منكم، وإن اختاروهم فهم » منهم قال: فأجلوهم معهم."
2,"256","سبب ثان لنزول الآية: عن ابن عباس قوله: { لَآ إِكْرَاهَ فِى ٱلدِّينِ ۖ قَد تَّبَيَّنَ ٱلرُّشْدُ مِنَ ٱلْغَىِّ ۚ } قال: نزلت في رجل من الأنصار من بني سالم بن عوف يقال له الحصين، كان له ابنان نصرانيان، وكان هو رجلاً مسلماً، فقال للنبي: ألا أستكرههما؟ فإنهما قد أبيا إلا النصرانية. فأنزل الله فيه ذلك."
2,"267","عَنْ الْبَرَاءِ رضي الله عنه { وَلَا تَيَمَّمُوا۟ ٱلْخَبِيثَ مِنْهُ تُنفِقُونَ }  قَالَ: نَزَلَتْ فِينَا مَعْشَرَ الْأَنْصَارِ، كُنَّا أَصْحَابَ نَخْلٍ، فَكَانَ الرَّجُلُ يَأْتِي مِنْ نَخْلِهِ عَلَى قَدْرِ كَثْرَتِهِ وَقِلَّتِهِ، وَكَانَ الرَّجُلُ يَأْتِي بِالْقِنْوِ وَالقِنْوَيْنِ فَيُعَلِّقُهُ فِي الْمَسْجِدِ، وَكَانَ أَهْلُ الصُّفَّة لَيْسَ لَهُمْ طَعَامٌ، فَكَانَ أَحَدُهُمْ إِذَا جَاءَ أَتَى الْقِنْوَ فَضَرَبَهُ بِعَصَاهُ، فَيَسْقُطُ مِنْ الْبُسْرِ وَالتَّمْرِ فَيَأْكُلُ، وَكَانَ نَاسٌ مِمَّنْ لَا يَرْغَبُ فِي الْخَيْرِ يَأْتِي الرَّجُلُ بِالْقِنْوِ فِيهِ الشِّيصُ وَالْحَشَفُ، وَبِالْقِنْوِ قَدْ انْكَسَرَ، فَيُعَلِّقُهُ، فَأَنْزَلَ اللهُ تَبَارَكَ وَتَعَالَى { يَـٰٓأَيُّهَا ٱلَّذِينَ ءَامَنُوٓا۟ أَنفِقُوا۟ مِن طَيِّبَـٰتِ مَا كَسَبْتُمْ وَمِمَّآ أَخْرَجْنَا لَكُم مِّنَ ٱلْأَرْضِ ۖ وَلَا تَيَمَّمُوا۟ ٱلْخَبِيثَ مِنْهُ تُنفِقُونَ وَلَسْتُم بِـَٔاخِذِيهِ إِلَّآ أَن تُغْمِضُوا۟ فِيهِ ۚ }، قَالَ: « لَوْ أَنْ أَحَدَكُمْ أَهْدِي إِلَيْهِ مِثْلُ مَا أَعْطَاهُ لَمْ يَأْخُذْهُ إِلَّا عَلَى إِغْمَاضٍ أَوْ حَيَاء » قَالَ: فَكُنَّا بَعْدَ ذَلِكَ يَأْتِي أَحَدُنَا بِصَالِح مَا عِنْدَهُ."
2,"267","عَنْ أَبِي أُمَامَةَ بْنِ سَهْلٍ عَنْ أَبِيهِ قَالَ: أَنَّ النَّبِيَّ ﷺ نَهَى عَنْ لَوْنَيْنٍ مِنَ التَّمْرِ الجُعْرُورِ وَلَوْنَ الحُبَيْقِ، قَالَ: وَكَانَ نَاسٌ يَتَيَمَّمُونَ شَرَّ ثِمَارِهِمْ فَيُخْرِجُونَهَا فِي الصَّدَقَةِ، فَنُهُوا عَنْ لَوْنَيْنٍ مِنَ التَّمَرِ، فَنَزَلَتْ: { وَلَا تَيَمَّمُوا۟ ٱلْخَبِيثَ مِنْهُ تُنفِقُونَ }. واللفظ للحاكم."
2,"267","عن جابر بن عبد الله رضي الله عنهما قال: أمر النبي ﷺ بزكاة الفطر بصاع من تمر، فجاء رجل بتمر رديء، فنزل القرآن: { يَـٰٓأَيُّهَا ٱلَّذِينَ ءَامَنُوٓا۟ أَنفِقُوا۟ مِن طَيِّبَـٰتِ مَا كَسَبْتُمْ وَمِمَّآ أَخْرَجْنَا لَكُم مِّنَ ٱلْأَرْضِ ۖ وَلَا تَيَمَّمُوا۟ ٱلْخَبِيثَ مِنْهُ تُنفِقُونَ }."
2,"267","عن عبيدة السلماني رحمه الله قال: سألت علياً رضي الله عنه عن قول الله: { يَـٰٓأَيُّهَا ٱلَّذِينَ ءَامَنُوٓا۟ أَنفِقُوا۟ مِن طَيِّبَـٰتِ مَا كَسَبْتُمْ وَمِمَّآ أَخْرَجْنَا لَكُم مِّنَ ٱلْأَرْضِ ۖ وَلَا تَيَمَّمُوا۟ ٱلْخَبِيثَ مِنْهُ تُنفِقُونَ }، قال: فقال علي رضي الله عنه: نزلت هذه الآية في الزكاة المفروضة، كان الرجل يعمد إلى التمر فيصرمه، فيعزل الجيد ناحية فإذا جاء صاحب الصدقة، أعطاه من الرديء، فقال عز و جل { وَلَا تَيَمَّمُوا۟ ٱلْخَبِيثَ مِنْهُ تُنفِقُونَ }."
2,"272","عن ابن عباس رضي الله عنهما قال: كانوا يكرهون أن يرضخوا لأنسبائهم من المشركين، فسألوا، فرخص لهم، فنزلت هذه الآية: { ۞ لَّيْسَ عَلَيْكَ هُدَىٰهُمْ وَلَٰكِنَّ ٱللَّهَ يَهْدِى مَن يَشَآءُ ۗ وَمَا تُنفِقُوا۟ مِنْ خَيْرٍ فَلِأَنفُسِكُمْ ۚ وَمَا تُنفِقُونَ إِلَّا ٱبْتِغَآءَ وَجْهِ ٱللَّهِ ۚ وَمَا تُنفِقُوا۟ مِنْ خَيْرٍ يُوَفَّ إِلَيْكُمْ وَأَنتُمْ لَا تُظْلَمُونَ ﴿٢٧٢﴾ }."
2,"272","عن سعيد بن جبير رحمه الله: قال رسول الله ﷺ: « لا تَصَدَّقُوا إلا على أهل دينكم » فأنزل الله تعالى: { لَّيْسَ عَلَيْكَ هُدَىٰهُمْ }، فقال رسول الله ﷺ: « تصدقوا على أهل الأديان »."
2,"284-285-286","عَنْ أَبِي هُرَيْرَةَ رضي الله عنه قَالَ: لَمَّا نَزَلَتْ عَلَى رَسُولِ اللهِ ﷺ: { لِّلَّهِ مَا فِى ٱلسَّمَـٰوَٰتِ وَمَا فِى ٱلْأَرْضِ ۗ وَإِن تُبْدُوا۟ مَا فِىٓ أَنفُسِكُمْ أَوْ تُخْفُوهُ يُحَاسِبْكُم بِهِ ٱللَّهُ ۖ فَيَغْفِرُ لِمَن يَشَآءُ وَيُعَذِّبُ مَن يَشَآءُ ۗ وَٱللَّهُ عَلَىٰ كُلِّ شَىْءٍ قَدِيرٌ ﴿٢٨٤﴾ } قَالَ: فَاشْتَدَّ ذَلِكَ عَلَى أَصْحَابِ رَسُولِ اللهِ ﷺ فَأَتَوْا رَسُولَ اللهِ ﷺ، ثُمَّ بَرَكُوا عَلَى الرُّكَب، فَقَالُوا: أَي رَسُولَ اللهِ، كُلِّفْنَا مِنْ الْأَعْمَالِ مَا نُطِيقُ: الصَّلاةَ، وَالصِّيَامَ، وَالْجِهَادَ، وَالصَّدَقَةَ، وَقَدْ أُنْزِلَتْ عَلَيْكَ هَذِهِ الْآيَةُ، وَلَا نُطِيقُهَا.

قَالَ رَسُولُ اللهِ ﷺ: « أَتُرِيدُونَ أَنْ تَقُولُوا كَمَا قَالَ أَهْلُ الْكِتَابَيْنِ مِنْ قَبْلِكُمْ، سَمِعْنَا وَعَصَيْنَا؟ بَلْ قُولُوا: سَمِعْنَا وَأَطَعْنَا غُفْرَانَكَ رَبَّنَا وَإِلَيْكَ الْمَصِيرُ ».
قَالُوا: { سَمِعْنَا وَأَطَعْنَا ۖ غُفْرَانَكَ رَبَّنَا وَإِلَيْكَ ٱلْمَصِيرُ } فَلَمَّا اقْتَرَأَهَا الْقَوْمُ ذَلَّتْ بِهَا أَلْسِنَتُهُمْ؟

فَأَنْزَلَ اللهُ فِي إِثْرِهَا: { ءَامَنَ ٱلرَّسُولُ بِمَآ أُنزِلَ إِلَيْهِ مِن رَّبِّهِۦ وَٱلْمُؤْمِنُونَ ۚ كُلٌّ ءَامَنَ بِٱللَّهِ وَمَلَـٰٓئِكَتِهِۦ وَكُتُبِهِۦ وَرُسُلِهِۦ لَا نُفَرِّقُ بَيْنَ أَحَدٍ مِّن رُّسُلِهِۦ ۚ وَقَالُوا۟ سَمِعْنَا وَأَطَعْنَا ۖ غُفْرَانَكَ رَبَّنَا وَإِلَيْكَ ٱلْمَصِيرُ ﴿٢٨٥﴾ }، فَلَمَّا فَعَلُوا ذَلِكَ نَسَخَهَا اللهُ تَعَالَى، فَأَنْزَلَ اللهُ عز و جل: { لَا يُكَلِّفُ ٱللَّهُ نَفْسًا إِلَّا وُسْعَهَا ۚ لَهَا مَا كَسَبَتْ وَعَلَيْهَا مَا ٱكْتَسَبَتْ ۗ رَبَّنَا لَا تُؤَاخِذْنَآ إِن نَّسِينَآ أَوْ أَخْطَأْنَا ۚ } 
قَالَ: نَعَمْ، { رَبَّنَا وَلَا تَحْمِلْ عَلَيْنَآ إِصْرًا كَمَا حَمَلْتَهُۥ عَلَى ٱلَّذِينَ مِن قَبْلِنَا ۚ } 
قَالَ: نَعَمْ، { رَبَّنَا وَلَا تُحَمِّلْنَا مَا لَا طَاقَةَ لَنَا بِهِۦ ۖ  } 
قَالَ: نَعَمْ، { ٱعْفُ عَنَّا وَٱغْفِرْ لَنَا وَٱرْحَمْنَآ ۚ أَنتَ مَوْلَىٰنَا فَٱنصُرْنَا عَلَى ٱلْقَوْمِ ٱلْكَـٰفِرِينَ } قَالَ: نَعَمْ."
2,"284-285-286","عَنِ ابْنِ عَبَّاسِ رضي الله عنهما قَالَ: لَمَّا نَزَلَتْ هَذِهِ الْآيَةُ: { وَإِن تُبْدُوا۟ مَا فِىٓ أَنفُسِكُمْ أَوْ تُخْفُوهُ يُحَاسِبْكُم بِهِ ٱللَّهُ ۖ }، قَالَ: دَخَلَ قُلُوبَهُمْ مِنْهَا شَيْءٌ لَمْ يَدْخُلْ قُلُوبَهُمْ مِنْ شَيْءٍ، فَقَالَ النَّبِيُّ ﷺ: « قُولُوا سَمِعْنَا وَأَطَعْنَا وَسَلَّمْنَا »، قَالَ: فَأَلْقَى اللَّهُ الْإِيمَانَ فِي قُلُوبِهِمْ، فَأَنْزَلَ اللهُ تَعَالَى: { لَا يُكَلِّفُ ٱللَّهُ نَفْسًا إِلَّا وُسْعَهَا ۚ لَهَا مَا كَسَبَتْ وَعَلَيْهَا مَا ٱكْتَسَبَتْ ۗ رَبَّنَا لَا تُؤَاخِذْنَآ إِن نَّسِينَآ أَوْ أَخْطَأْنَا ۚ } قَالَ: قَدْ فَعَلْتُ، { رَبَّنَا وَلَا تَحْمِلْ عَلَيْنَآ إِصْرًا كَمَا حَمَلْتَهُۥ عَلَى ٱلَّذِينَ مِن قَبْلِنَا ۚ } قَالَ: قَدْ فَعَلْتُ، { وَٱغْفِرْ لَنَا وَٱرْحَمْنَآ ۚ أَنتَ مَوْلَىٰنَا } قَالَ: قَدْ فعلت."
2,"284-285-286","عن سعيد بن مرجانة رحمه الله: ذكر لابن عباس رضي الله عنهما أن ابن عمر رضي الله عنهما تلا هذه الآية: { وَإِن تُبْدُوا۟ مَا فِىٓ أَنفُسِكُمْ أَوْ تُخْفُوهُ يُحَاسِبْكُم بِهِ ٱللَّهُ ۖ } فبكى، ثم قال: والله لئن أخذنا الله بها لنهلكن، فقال ابن عباس: يرحم الله أبا عبد الرحمن، قد وجد المسلمون منها حين نزلت ما وجد، فذكروا ذلك لرسول الله ﷺ، فنزلت { لَا يُكَلِّفُ ٱللَّهُ نَفْسًا إِلَّا وُسْعَهَا ۚ لَهَا مَا كَسَبَتْ وَعَلَيْهَا مَا ٱكْتَسَبَتْ ۗ } من القول والعمل، وكان حديث النفس مما لا يملكه أحد، ولا يقدر عليه أحد."
2,"284-285-286","وفي لفظ آخر عند أحمد رحمه لله في المسند: عن مجاهد رحمه الله قال: دخلت على ابن عباس رضي الله عنهما فقلت: يا أبا عباس كنت عند ابن عمر رضي الله عنهما فقرأ هذه الآية فبكى قال: أية آية قلت: { وَإِن تُبْدُوا۟ مَا فِىٓ أَنفُسِكُمْ أَوْ تُخْفُوهُ يُحَاسِبْكُم بِهِ ٱللَّهُ ۖ } قال ابن عباس رضي الله عنهما: إن هذه الآية حين أنزلت غمت أصحاب رسول الله ﷺ غما شديداً، وغاظتهم غيظاً شديداً، يعني وقالوا: يا رسول الله هلكنا، إن كنا نؤاخذ بما تكلمنا وبما تعمل، فأما قلوبنا فليست بأيدينا، فقال لهم رسول الله ﷺ: قولوا: « سمعنا وأطعنا » قالوا: سمعنا وأطعنا، قال: فنسختها هذه الآية { ءَامَنَ ٱلرَّسُولُ بِمَآ أُنزِلَ إِلَيْهِ مِن رَّبِّهِۦ وَٱلْمُؤْمِنُونَ ۚ } الي { لَا يُكَلِّفُ ٱللَّهُ نَفْسًا إِلَّا وُسْعَهَا ۚ لَهَا مَا كَسَبَتْ وَعَلَيْهَا مَا ٱكْتَسَبَتْ ۗ }، فتجوز لهم عن حديث النفس، وأخذوا بالأعمال."
